commit,date,ordinal,units,total_units,size,total_size,fresh,projectg,wangreal,shared
577b4fffc5db8e681e9943fc22d75b3fcbba240d,2026-09-17T01:38:42-04:00,1,16,499,34133,6925558,10307,18119,5265,442
24aa3f39fa2e6326e477ac3d8661bd35c24fef67,2026-09-18T09:20:27-04:00,2,17,499,36913,6925558,10307,18119,8045,442
ca4956a17990bbb50840285b46036be0a18c9b2d,2026-09-18T09:21:21-04:00,3,17,499,36913,6925558,10307,18119,8045,442
26725b40187d6d090bd20e4b32c53a3a14c35d55,2026-09-18T18:20:24-04:00,4,18,499,39505,6925558,10307,18119,10637,442
916ca025c945c369dc31207375b58ae14a88bd0e,2026-09-19T22:01:49-04:00,23,19,499,41069,6925558,11871,18119,10637,442
2fdcff73c59f24ee66e2e2573fe132a810e07edf,2026-09-20T00:12:25-04:00,27,20,499,54558,6925558,11871,18119,24126,442
304963310085b89e355b7dfc08f25fccc24b4136,2026-09-20T04:05:30-04:00,30,21,499,58872,6925558,11871,18119,28440,442
da71318ed9c32e2c4d22af061b3b7d2ef2857b33,2026-09-20T04:27:28-04:00,32,22,499,64164,6925558,11871,18119,33732,442
5280f537e49efeed4b3b29c2e906066547ff948d,2026-09-20T04:50:21-04:00,34,23,499,66679,6925558,11871,18119,36247,442
420abc5d0fab642f785ad78e5af6f6c12cc4352b,2026-09-20T05:07:11-04:00,36,24,499,74523,6925558,11871,18119,44091,442
51bf126286f70af6336a628618a5e1e9e79a4ddf,2026-09-20T06:14:05-04:00,38,25,499,76855,6925558,11871,18119,46423,442
fafb7163ce33d02ae99e5be8f5d6328d44d84932,2026-09-20T15:50:53-04:00,41,26,499,102113,6925558,11871,18119,71681,442
a48bc192ddde38a9a64fcdd6613ea52f30266ad7,2026-09-20T18:19:46-04:00,44,27,499,109150,6925558,11871,18119,78718,442
cab43185262ed8826cc8771b4474a215665708ce,2026-09-20T19:44:35-04:00,46,28,499,119149,6925558,11871,18119,88717,442
c6515a6f82d66303806264ffa8261f0396a9dcea,2026-09-20T20:17:44-04:00,48,29,499,121483,6925558,11871,18119,91051,442
dcd986391f68c12c34259a2cfb9504b1c350cd44,2026-09-22T01:15:56-04:00,51,30,499,131077,6925558,11871,18119,100645,442
590cdacc08f30ede3df12ad48ff55a3f03c12c74,2026-09-22T19:38:07-04:00,53,31,499,196226,6925558,11871,18119,165794,442
456710328a29ac91709c56e6679c7fc5939bdf6e,2026-09-22T20:31:51-04:00,55,32,499,214969,6925558,11871,18119,184537,442
fa661ae5f39b0baef44288820140968a655c95fc,2026-09-22T21:01:41-04:00,58,33,499,223526,6925558,11871,18119,193094,442
655c058832e0dfc3fda73fc67423c4d5c896feff,2026-09-22T22:24:44-04:00,60,34,499,232563,6925558,11871,18119,202131,442
30c6866c1f028dbf21ec5800f3893b4a350eb0c3,2026-09-22T22:50:52-04:00,62,35,499,244678,6925558,11871,18119,214246,442
0b78e7b7789f79487c7b545bedd212875c012458,2026-09-23T08:36:03-04:00,64,36,499,261305,6925558,11871,18119,230873,442
53ae4b5ac01ef4f1566df591b5ec55065f247905,2026-09-25T19:36:25-04:00,66,37,499,331105,6925558,11871,18119,300673,442
70ab475d836be075d64a0eabfd76ea45ef63aae3,2026-09-25T23:56:23-04:00,68,38,499,363161,6925558,11871,18119,332729,442
12caf92f689708b4aac781ee7a24caf6facebb63,2026-09-26T02:18:11-04:00,70,39,499,446902,6925558,11871,18119,416470,442
22b086d36d5ef75c26555590e802754056aa44ca,2026-09-26T11:08:25-04:00,72,40,499,481449,6925558,11871,18119,451017,442
bbf18ddcadb03f630b2e92d8015e86d175986285,2026-09-26T13:01:15-04:00,74,41,499,488265,6925558,11871,18119,451017,7258
ec8539786163072791afc8b8e452d4c348253b24,2026-09-26T14:05:10-04:00,76,42,499,492713,6925558,16319,18119,451017,7258
670faed06f2ac371e88cb76ec367fbdd8f9eb872,2026-09-26T15:15:45-04:00,78,43,499,497278,6925558,20884,18119,451017,7258
c219e2ef9752654e6cc809a1e333092d13112e54,2026-09-26T18:55:55-04:00,80,44,499,509021,6925558,32627,18119,451017,7258
66917eae3ff928793969127d59fb5bc6e6781640,2026-09-26T20:05:14-04:00,82,45,499,532181,6925558,55787,18119,451017,7258
90dcd293db16a6475b855a0fa508be724a486eef,2026-09-27T04:21:13-04:00,85,46,499,553753,6925558,77359,18119,451017,7258
6b5481b4f0a78d21763f3a48a888bfbbdd61d996,2026-09-27T04:59:19-04:00,88,47,499,556907,6925558,80513,18119,451017,7258
e24956f7db906567fb0b12aefd139dbabd5ade4c,2026-09-27T05:51:04-04:00,90,48,499,570311,6925558,93917,18119,451017,7258
cdb41bdbb300be8669e5f5189a95f68a2640f77a,2026-09-27T12:44:06-04:00,92,49,499,581771,6925558,105377,18119,451017,7258
8f4643078187e81ae56760d2250b061f4e4f6846,2026-09-27T12:53:50-04:00,94,50,499,594238,6925558,117844,18119,451017,7258
930beed4136cf154e6c2824b0c5db7015da9fa20,2026-09-27T13:18:41-04:00,96,51,499,605755,6925558,129361,18119,451017,7258
36ccabb9613ccecd42602bff3bd19d130da358e7,2026-09-27T13:49:05-04:00,98,52,499,613382,6925558,136988,18119,451017,7258
318763bd081ead6061835a81177900b4667363dc,2026-09-27T14:05:49-04:00,100,53,499,620915,6925558,144521,18119,451017,7258
398556308c300fbd75b266ab7c1f59f6b9621279,2026-09-27T15:28:27-04:00,102,54,499,625843,6925558,149449,18119,451017,7258
396487e93317b6544ee6c2743e7333723a8643a4,2026-09-27T16:00:03-04:00,104,55,499,630292,6925558,153898,18119,451017,7258
6c83b142e6994733197db88b0ba406ddbdb550c8,2026-09-27T17:31:08-04:00,106,56,499,633978,6925558,157584,18119,451017,7258
b058641b8ceb8f6db60af8e6be459e53f9efe9ad,2026-09-27T18:10:03-04:00,108,57,499,636398,6925558,160004,18119,451017,7258
4e0e61157b7619fefd47dd658da565eab281d2ab,2026-09-27T18:38:18-04:00,110,58,499,640981,6925558,164587,18119,451017,7258
a3c22fb97b0762a93a3f40ab75b1955bc89234d0,2026-09-27T19:15:36-04:00,112,59,499,649949,6925558,173555,18119,451017,7258
285946c85e2b1023c81e18df684a36a0398375cc,2026-09-27T20:16:48-04:00,114,60,499,656390,6925558,179996,18119,451017,7258
1c4a9dc2207c3d59cee99c9133a74ae8f7c45d0f,2026-09-27T20:31:27-04:00,116,61,499,664278,6925558,187884,18119,451017,7258
